entry,score,penalty,led,pal,spat,mot,hw,aes,mode,loop,native,n,dur,black7,leak,sat,mid,soft48,ncol_f,grad,jitter,seam_ratio,iso
entry01,88.9,0.0,98.0,93.0,84.7,98.0,100.0,66.7,Morph Coherence,seamless-cycle,1,60,100,75.798,0.0,0.7295,0.13,0.584,41.28,64.12,7.2643,0.615,0.0303
entry02,84.5,0.0,67.0,90.0,96.0,94.0,82.0,67.2,Morph Coherence,seamless-cycle,1,96,80,0.0,0.0,0.6664,4.736,0.03,16.0,38.098,1.4653,1.95,0.0
entry03,84.3,0.0,70.0,96.0,83.3,90.5,100.0,70.9,Morph Coherence,seamless-cycle,1,16,60,0.0,5.042,0.8875,3.193,25.642,153.88,80.146,6.4223,2.128,0.0
entry04,82.7,0.0,68.2,93.3,85.6,85.0,100.0,70.4,Static Edge Crispness,ping-pong,1,30,70,0.0,6.174,0.7392,14.087,16.93,55.93,43.632,0.3173,0.728,0.0
entry05,78.9,0.0,68.3,93.5,87.1,94.0,82.0,70.3,Static Edge Crispness,seamless-cycle,1,96,80,0.0,0.0,0.7385,4.723,0.01,26.0,42.911,2.0812,0.603,0.0
entry06,78.0,0.0,93.6,87.9,47.3,98.0,100.0,65.5,Morph Coherence,seamless-cycle,1,25,40,70.699,10.454,0.5598,8.461,20.297,190.0,38.777,8.0946,0.206,0.2202
entry07,77.8,0.0,68.9,90.2,59.4,98.0,100.0,66.6,Morph Coherence,ping-pong,1,30,80,0.0,11.491,0.757,19.551,28.564,248.97,96.918,1.2748,0.243,0.0
entry08,77.1,0.0,67.4,91.0,61.0,98.0,100.0,67.6,Morph Coherence,seamless-cycle,1,60,100,0.0,23.714,0.7073,16.684,30.587,253.2,88.62,5.3016,0.811,0.0
entry09,75.2,0.0,68.9,95.0,63.6,80.0,82.0,59.1,Static Edge Crispness,ping-pong,1,350,60,0.0,0.0,0.77,8.325,26.84,253.75,22.581,0.7377,1.028,0.0
entry10,74.2,0.0,68.6,94.3,75.6,68.0,100.0,66.3,Static Edge Crispness,static,1,1,100,0.0,68.945,0.8097,7.242,11.868,363.0,48.043,0.0,0.0,0.0
entry11,74.0,0.0,85.0,90.9,46.2,68.0,100.0,69.1,Static Edge Crispness,static,1,1,100,43.164,12.28,0.8209,27.071,33.123,2151.0,84.218,0.0,0.0,1.8072
entry12,73.2,0.0,69.8,91.0,63.2,89.2,100.0,70.7,Morph Coherence,seamless-cycle,1,30,80,0.0,0.0,0.8228,27.558,23.137,251.33,69.874,1.0871,2.032,0.0
entry13,73.0,0.0,69.6,96.0,58.0,68.0,100.0,52.9,Static Edge Crispness,static,1,1,100,1.44,6.738,0.8075,21.218,49.43,2831.0,159.318,0.0,0.0,0.0
entry14,72.3,0.0,82.3,86.2,49.0,63.3,100.0,60.7,Morph Coherence,hard-cut,1,32,110,37.538,0.61,0.5842,9.945,22.069,191.75,50.638,1.4506,15.155,0.0255
entry15,72.3,0.0,69.1,90.7,70.1,70.8,100.0,65.2,Morph Coherence,hard-cut,1,60,90,4.58,2.063,0.6744,8.442,8.347,60.85,52.268,1.9013,1.729,0.0
entry16,72.2,0.0,66.6,89.1,64.5,98.0,100.0,63.2,Morph Coherence,seamless-cycle,1,60,100,0.0,7.17,0.6584,16.017,28.932,253.72,90.243,2.7487,0.695,0.0
entry17,71.6,0.0,83.6,94.4,40.4,68.0,100.0,70.0,Static Edge Crispness,static,0,1,100,61.914,36.572,0.8126,16.456,47.049,1644.0,100.565,0.0,0.0,1.3013
entry18,71.3,0.0,66.5,88.4,67.8,85.0,100.0,70.7,Morph Coherence,seamless-cycle,1,23,300,0.174,1.758,0.6359,8.939,17.324,68.04,28.306,16.9426,0.108,0.0032
entry19,85.7,15.6,93.2,79.9,81.4,98.0,100.0,70.3,Morph Coherence,seamless-cycle,1,11,150,67.507,0.0,0.4565,9.213,0.0,16.0,54.453,23.136,1.007,0.0615
entry20,70.0,0.0,64.9,79.3,41.4,98.0,100.0,68.2,Morph Coherence,ambient-pulse,1,10,140,0.0,0.82,0.5479,21.959,34.311,127.1,58.432,3.7531,0.295,0.0
entry21,69.9,0.0,72.0,89.5,40.2,68.0,100.0,65.5,Static Edge Crispness,static,0,1,100,69.727,41.309,0.3874,9.809,47.793,988.0,52.26,0.0,0.0,1.8979
entry22,69.3,0.0,73.1,91.0,39.1,68.0,100.0,66.1,Static Edge Crispness,static,0,1,100,36.011,29.614,0.7302,20.511,46.143,2227.0,92.128,0.0,0.0,1.2206
entry23,68.6,0.0,66.1,87.6,72.9,93.7,82.0,67.4,Morph Coherence,seamless-cycle,1,108,50,0.0,48.132,0.6632,5.503,12.449,126.83,64.603,11.8771,1.108,0.0
entry24,84.1,15.6,92.8,78.9,70.3,97.5,100.0,72.4,Morph Coherence,seamless-cycle,1,11,150,68.528,0.0,0.4347,13.777,3.212,30.27,49.984,20.934,1.146,0.0705
entry25,68.5,0.0,84.2,85.2,45.9,68.0,100.0,70.4,Static Edge Crispness,static,1,1,100,41.455,6.519,0.6892,29.514,21.788,2008.0,110.615,0.0,0.0,0.2764
entry26,67.6,0.0,69.7,91.0,61.9,68.0,100.0,60.3,Static Edge Crispness,static,1,1,100,0.854,5.005,0.8117,20.399,49.182,2910.0,158.578,0.0,0.0,0.0
entry27,67.2,0.0,66.4,88.4,55.8,71.9,82.0,65.9,Static Edge Crispness,ping-pong,1,445,60,0.0,0.0,0.6342,9.818,17.145,255.03,23.358,1.1615,1.453,0.0
entry28,67.1,0.0,63.0,74.3,60.7,68.0,100.0,48.0,Static Edge Crispness,static,1,1,100,1.294,13.843,0.4402,21.429,60.528,198.0,51.275,0.0,0.0,0.0
entry29,66.9,0.0,78.4,90.2,41.9,85.0,100.0,46.9,Morph Coherence,ping-pong,1,32,100,24.566,8.164,0.7733,40.672,27.111,255.03,100.559,7.389,0.204,0.0
entry30,66.7,0.0,66.0,82.4,62.1,98.0,100.0,66.9,Morph Coherence,seamless-cycle,1,60,100,0.0,22.946,0.6506,25.473,33.344,252.02,64.128,3.5559,0.611,0.0
entry31,66.6,0.0,76.0,88.7,28.6,68.0,100.0,65.6,Static Edge Crispness,static,0,1,100,39.038,18.823,0.7463,16.741,42.659,1598.0,78.338,0.0,0.0,0.801
entry32,66.6,0.0,69.8,90.5,28.7,68.0,100.0,66.9,Static Edge Crispness,static,0,1,100,10.547,3.174,0.6893,21.057,51.724,1240.0,49.546,0.0,0.0,0.4491
entry33,66.4,0.0,68.2,73.7,52.1,80.0,82.0,52.8,Morph Coherence,ping-pong,1,400,40,35.024,27.846,0.4608,27.968,20.536,90.92,30.437,10.6454,0.0,0.0284
entry34,66.1,0.0,75.7,88.8,25.0,68.0,100.0,66.9,Static Edge Crispness,static,0,1,100,26.685,2.1,0.6699,4.973,54.613,656.0,51.372,0.0,0.0,0.0
entry35,65.4,0.0,69.7,96.0,53.7,89.4,100.0,63.5,Morph Coherence,seamless-cycle,1,30,80,47.723,58.259,0.7964,23.199,29.364,253.77,87.071,1.7735,2.881,0.0
entry36,65.4,0.0,65.5,86.0,79.5,69.7,82.0,68.7,Static Edge Crispness,ping-pong,1,96,80,0.0,0.0,0.5835,13.751,2.946,31.0,33.954,0.4423,2.03,0.0
entry37,64.5,0.0,90.7,73.3,39.6,68.0,100.0,72.4,Static Edge Crispness,static,0,1,100,74.438,16.724,0.4948,5.642,37.624,659.0,51.834,0.0,0.0,11.8235
entry38,82.5,18.0,67.5,90.7,88.0,90.0,100.0,62.2,Morph Coherence,seamless-cycle,1,60,90,0.531,0.0,0.6806,0.392,0.0,7.17,12.103,7.7612,2.432,0.0
entry39,64.4,0.0,55.7,59.6,52.4,97.4,100.0,49.2,Morph Coherence,seamless-cycle,1,23,100,0.381,0.234,0.0339,4.047,5.743,66.61,15.15,6.2182,1.766,0.0
entry40,63.9,0.0,69.6,91.0,25.0,68.0,100.0,66.7,Static Edge Crispness,static,0,1,100,7.837,18.066,0.8642,43.18,51.302,3507.0,87.397,0.0,0.0,0.0245
entry41,63.8,0.0,65.3,85.3,28.0,68.0,100.0,66.1,Static Edge Crispness,static,0,1,100,4.712,5.005,0.5983,7.106,54.923,980.0,47.028,0.0,0.0,0.0
entry42,63.6,0.0,65.6,81.2,27.4,68.0,100.0,65.5,Static Edge Crispness,static,1,1,100,0.0,0.073,0.5887,48.251,63.976,3697.0,58.319,0.0,0.0,0.0
entry43,63.0,0.0,74.5,96.0,25.0,68.0,100.0,67.6,Static Edge Crispness,static,0,1,100,68.652,41.309,0.5291,6.262,49.343,889.0,59.22,0.0,0.0,1.3894
entry44,61.5,0.0,71.2,85.1,32.5,68.0,100.0,66.7,Static Edge Crispness,static,0,1,100,30.322,22.241,0.6834,26.798,44.581,2360.0,85.892,0.0,0.0,0.9756
entry45,60.7,0.0,66.3,83.2,25.0,68.0,100.0,60.3,Static Edge Crispness,static,0,1,100,3.296,4.883,0.6685,33.185,42.039,3816.0,142.039,0.0,0.0,0.0
entry46,60.6,0.0,65.4,80.8,30.8,77.0,100.0,69.6,Morph Coherence,seamless-cycle,1,8,150,0.0,0.995,0.5799,22.988,34.521,127.0,58.499,18.089,0.844,0.0
entry47,60.4,0.0,64.1,73.4,44.2,77.0,100.0,57.2,Morph Coherence,seamless-cycle,1,60,300,3.333,0.044,0.4254,22.781,25.785,242.73,36.371,22.6843,0.0,0.0
entry48,77.9,18.0,92.9,79.0,84.6,98.0,100.0,69.6,Static Edge Crispness,ambient-pulse,1,55,100,77.613,2.098,0.4272,0.927,0.07,27.62,69.697,2.9469,0.0,4.0528
entry49,59.7,0.0,90.7,83.7,32.0,68.0,100.0,70.3,Static Edge Crispness,static,0,1,100,66.162,31.372,0.7102,7.068,57.267,926.0,58.246,0.0,0.0,4.1096
entry50,59.1,0.0,60.3,72.3,49.9,68.0,100.0,57.5,Static Edge Crispness,static,1,1,100,0.0,0.0,0.2972,3.72,8.309,94.0,19.88,0.0,0.0,0.0
